Outlier_Percentage,Model,RMSE
0.0,Huber,1.0462976341415184
0.0,OLS,1.0462895284666294
0.0,Random Forest,1.2147640329160467
0.0,Ridge,1.046337780180322
0.0,XGBoost,1.1458181997936467
2.0,Huber,2.4258735205168973
2.0,OLS,2.43403233941014
2.0,Random Forest,2.6113660098222113
2.0,Ridge,2.4340032015994906
2.0,XGBoost,2.5736636332465057
5.0,Huber,3.2518571050901564
5.0,OLS,3.2667744903177676
5.0,Random Forest,3.4519332266724874
5.0,Ridge,3.2667379441526414
5.0,XGBoost,3.405317161090628
10.0,Huber,4.730177289703725
10.0,OLS,4.749850874491325
10.0,Random Forest,5.015013706623593
10.0,Ridge,4.7498603641562225
10.0,XGBoost,4.94042006046289
